series,2009,2010,2011,2012,2013,2014,2015,2016,2017,2018,2019,2020,2021,2022,2023,2024,2025,2026
Maize | - | BahawalPur,52,31,32,52,52,52,49,23,52,52,34,13,21,51,24,0,0,0
Maize | - | Chichawatni,51,52,52,52,52,35,25,31,32,16,6,11,53,52,52,52,52,22
Maize | - | Faisalabad,52,53,52,52,52,52,52,53,52,52,52,52,53,52,52,52,52,22
Maize | - | Gujranwala,52,53,52,50,52,52,48,53,52,52,52,52,53,52,52,37,0,0
Maize | - | Jhang,52,53,52,51,19,0,0,0,21,0,0,0,0,0,47,4,0,0
Maize | - | Lahore,52,53,52,52,52,52,35,53,52,52,26,0,0,0,0,0,0,0
Maize | - | Layyah,0,0,0,16,16,1,0,38,50,52,52,52,53,52,52,52,45,22
Maize | - | Multan,52,53,52,52,52,52,52,53,52,52,52,52,53,52,52,52,52,22
Maize | - | Okara,52,53,52,52,52,52,52,53,52,52,52,52,53,52,52,52,52,22
Maize | - | RahimYarKhan,8,13,11,47,52,40,29,27,31,0,5,0,0,10,7,8,0,0
Maize | - | Rawalpindi,52,53,52,52,52,52,52,53,52,52,52,38,53,52,37,52,52,22
Maize | - | Sargodha,52,53,52,52,50,33,52,53,52,51,48,40,50,52,52,52,51,21
Maize | - | Sialkot,0,0,0,32,13,15,10,0,46,52,52,52,53,7,47,52,52,0
Paddy | Basmati | BahawalNagar,36,0,0,10,26,0,0,0,5,11,7,0,0,0,0,0,0,0
Paddy | Basmati | BahawalPur,32,8,0,0,0,0,0,0,0,0,0,0,0,0,0,0,0,0
Paddy | Basmati | Chichawatni,28,15,43,36,24,18,12,23,5,6,0,9,11,0,0,0,0,0
Paddy | Basmati | Faisalabad,0,0,0,5,0,10,0,5,0,0,0,0,17,0,0,0,0,0
Paddy | Basmati | Gujranwala,12,12,12,6,10,1,6,8,0,0,0,0,10,1,0,0,0,0
Paddy | Basmati | Jhang,52,53,52,51,19,0,0,0,21,0,0,0,0,0,47,9,0,0
Paddy | Basmati | Lahore,0,0,1,0,0,0,0,0,0,0,0,0,0,0,0,0,0,0
Paddy | Basmati | Layyah,3,0,0,0,0,0,0,0,0,0,0,0,0,0,0,0,0,0
Paddy | Basmati | Multan,33,24,15,25,18,30,20,24,20,12,10,1,0,0,0,0,0,0
Paddy | Basmati | Okara,48,32,33,31,33,32,33,45,16,26,18,17,21,26,8,0,0,0
Paddy | Basmati | RahimYarKhan,30,28,0,0,0,0,0,6,0,0,0,0,0,0,0,0,0,0
Paddy | Basmati | Sargodha,52,24,41,27,0,5,0,4,1,7,2,14,23,11,10,0,3,0
Paddy | IRRI | BahawalNagar,19,11,0,10,26,0,0,0,31,10,8,0,0,0,0,0,0,0
Paddy | IRRI | BahawalPur,31,8,0,0,0,0,0,0,0,0,0,0,0,0,0,0,0,0
Paddy | IRRI | Chichawatni,5,11,13,31,7,7,18,18,0,0,0,0,3,0,0,0,0,0
Paddy | IRRI | Faisalabad,0,0,0,0,0,0,0,0,0,0,10,0,12,1,0,0,0,0
Paddy | IRRI | Jhang,52,53,52,51,19,0,0,0,21,0,0,0,0,0,47,24,0,0
Paddy | IRRI | Layyah,0,0,0,5,1,0,0,0,0,0,0,0,0,0,0,0,0,0
Paddy | IRRI | Multan,36,27,13,24,16,30,21,1,7,11,5,0,0,0,0,0,0,0
Paddy | IRRI | Okara,35,34,31,29,39,36,36,29,7,0,0,0,4,15,5,0,0,0
Paddy | IRRI | RahimYarKhan,25,19,0,0,5,0,8,6,0,0,0,0,0,0,0,0,0,0
Paddy | IRRI | Sargodha,52,17,25,0,0,0,0,0,0,0,0,0,0,0,0,0,12,0
Paddy | IRRI | Sialkot,0,0,0,0,0,0,0,0,0,0,0,0,0,1,0,0,0,0
Paddy | Kainat | BahawalNagar,0,0,0,0,0,0,0,0,26,20,21,8,1,0,0,0,0,0
Paddy | Kainat | Chichawatni,0,0,0,0,0,0,0,0,15,7,0,7,50,52,43,50,47,21
Paddy | Kainat | Faisalabad,0,0,0,0,0,0,0,0,0,0,0,0,15,0,0,0,0,0
Paddy | Kainat | Gujranwala,0,0,0,0,0,0,0,0,0,0,0,0,0,1,0,0,0,0
Paddy | Kainat | Jhang,0,0,0,0,0,0,0,0,21,0,0,0,0,0,47,23,0,0
Paddy | Kainat | Okara,0,0,0,0,0,0,0,0,0,1,0,0,0,0,0,0,0,0
Paddy | Kainat | Sargodha,0,0,0,0,0,0,0,0,0,10,0,16,28,17,23,4,7,0
Rice | Basmati 385 | BahawalNagar,52,53,52,32,26,0,0,0,11,0,5,5,0,0,0,0,0,2
Rice | Basmati 385 | BahawalPur,0,0,0,0,0,0,0,21,3,0,0,0,0,0,0,0,0,0
Rice | Basmati 385 | Chichawatni,5,0,1,21,50,52,52,53,52,34,30,18,0,0,0,0,0,0
Rice | Basmati 385 | Faisalabad,52,53,52,52,52,52,52,53,52,52,50,52,53,52,52,52,52,22
Rice | Basmati 385 | Gujranwala,5,5,0,0,0,0,6,0,0,0,0,0,0,0,0,0,0,0
Rice | Basmati 385 | Jhang,52,53,52,51,18,0,0,0,15,0,0,0,0,0,45,7,0,0
Rice | Basmati 385 | Lahore,0,0,5,0,0,0,0,0,5,0,0,1,0,0,0,0,0,0
Rice | Basmati 385 | Layyah,47,53,46,36,45,52,52,20,6,0,0,0,0,0,0,0,0,0
Rice | Basmati 385 | Multan,52,53,52,52,52,52,52,53,52,52,52,47,49,52,52,52,52,22
Rice | Basmati 385 | Okara,40,53,38,0,34,52,52,53,52,52,14,0,0,0,0,0,0,0
Rice | Basmati 385 | RahimYarKhan,52,53,52,52,52,39,15,37,45,0,0,0,0,0,0,0,0,0
Rice | Basmati 385 | Rawalpindi,9,9,0,0,0,0,0,0,0,0,0,0,0,0,0,0,0,0
Rice | Basmati 385 | Sargodha,52,6,19,7,0,0,0,0,0,0,0,0,9,0,24,30,36,12
Rice | Basmati 385 | Sialkot,5,0,0,0,0,0,11,2,4,1,0,0,0,1,0,0,0,0
Rice | Basmati Super New | BahawalNagar,52,53,52,32,26,0,5,0,45,0,44,12,0,0,0,8,0,0
Rice | Basmati Super New | BahawalPur,44,52,50,35,50,0,31,53,49,47,35,9,21,47,19,28,26,15
Rice | Basmati Super New | Chichawatni,51,37,51,49,52,52,52,53,52,52,52,18,0,0,0,0,0,0
Rice | Basmati Super New | Faisalabad,52,53,52,49,52,52,52,53,52,52,52,52,53,52,52,52,52,22
Rice | Basmati Super New | Gujranwala,52,53,52,50,52,52,48,53,52,52,52,52,53,51,22,0,0,6
Rice | Basmati Super New | Jhang,16,41,52,51,18,0,0,0,12,0,0,0,0,0,47,52,37,0
Rice | Basmati Super New | Lahore,52,53,52,52,52,52,52,53,52,52,52,52,53,52,52,52,52,22
Rice | Basmati Super New | Layyah,52,53,40,52,34,52,52,53,50,37,0,0,0,0,0,5,3,4
Rice | Basmati Super New | Multan,52,53,52,52,52,52,52,53,52,52,52,52,53,52,52,52,52,22
Rice | Basmati Super New | Okara,45,39,28,38,44,46,52,53,52,52,52,52,53,52,52,52,45,1
Rice | Basmati Super New | RahimYarKhan,50,53,52,52,52,38,41,37,46,21,18,0,0,0,11,46,32,0
Rice | Basmati Super New | Rawalpindi,52,53,52,52,52,52,52,50,40,49,52,35,44,47,22,42,34,20
Rice | Basmati Super New | Sargodha,52,53,52,52,45,33,52,53,47,51,48,40,50,52,52,52,52,21
Rice | Basmati Super New | Sialkot,39,47,46,49,40,27,52,53,52,52,52,51,53,52,52,52,52,22
Rice | Basmati Super Old | BahawalNagar,52,53,52,18,26,0,5,0,46,36,41,8,0,0,0,0,0,0
Rice | Basmati Super Old | BahawalPur,52,50,52,52,43,52,49,53,47,22,10,9,21,51,50,52,52,22
Rice | Basmati Super Old | Chichawatni,35,53,47,49,52,52,52,53,52,52,50,18,0,0,0,0,0,0
Rice | Basmati Super Old | Faisalabad,52,53,52,52,30,4,52,53,52,52,52,52,53,52,52,52,52,22
Rice | Basmati Super Old | Gujranwala,35,15,52,11,36,7,48,53,52,52,52,52,53,51,8,0,0,0
Rice | Basmati Super Old | Jhang,47,15,0,0,0,0,0,0,15,0,0,0,0,0,43,52,39,0
Rice | Basmati Super Old | Lahore,29,53,52,52,52,52,52,53,52,52,52,52,53,52,52,52,52,22
Rice | Basmati Super Old | Layyah,52,53,42,17,45,52,52,53,4,0,0,0,0,0,0,0,3,4
Rice | Basmati Super Old | Multan,52,53,52,52,52,52,52,53,52,52,52,52,53,52,47,15,7,0
Rice | Basmati Super Old | Okara,19,27,52,52,52,52,52,53,52,52,52,52,53,52,52,52,41,0
Rice | Basmati Super Old | RahimYarKhan,34,53,52,52,52,37,35,53,52,43,31,0,0,0,10,7,1,0
Rice | Basmati Super Old | Rawalpindi,27,53,52,9,0,38,52,53,52,52,52,52,53,52,52,52,52,22
Rice | Basmati Super Old | Sargodha,13,0,8,7,36,17,52,53,52,51,48,36,50,3,10,22,26,6
Rice | Basmati Super Old | Sialkot,27,53,46,47,34,24,38,53,52,52,52,52,53,40,27,52,52,11
Rice | IRRI | BahawalNagar,52,46,52,32,26,0,0,0,46,52,42,13,0,0,0,7,0,2
Rice | IRRI | BahawalPur,52,53,52,52,52,52,49,53,52,52,39,13,21,51,52,52,52,22
Rice | IRRI | Chichawatni,51,53,52,52,41,5,52,53,52,52,13,0,0,0,0,0,0,0
Rice | IRRI | Faisalabad,52,53,52,52,52,52,52,53,52,52,52,52,53,52,52,52,52,22
Rice | IRRI | Jhang,52,53,52,50,15,0,0,0,21,0,0,0,0,0,47,42,52,22
Rice | IRRI | Layyah,52,53,52,52,47,52,52,53,9,0,0,0,0,0,0,0,10,22
Rice | IRRI | Multan,52,53,52,52,52,52,52,53,52,52,52,52,53,52,52,52,52,22
Rice | IRRI | Okara,52,53,52,52,52,52,52,53,52,52,52,52,53,52,52,11,0,0
Rice | IRRI | RahimYarKhan,52,53,52,52,52,40,50,53,51,52,52,3,0,0,7,19,1,0
Rice | IRRI | Rawalpindi,52,53,52,52,52,52,52,53,52,52,52,52,53,52,52,52,52,22
Rice | IRRI | Sargodha,52,19,25,12,0,0,0,0,0,0,0,0,0,0,0,0,0,0
Rice | Kainat New | BahawalNagar,0,0,0,0,0,0,0,0,11,9,8,8,0,0,0,0,0,1
Rice | Kainat New | BahawalPur,0,0,0,0,0,0,0,0,0,0,0,0,0,4,2,10,33,6
Rice | Kainat New | Chichawatni,0,0,0,0,0,0,0,0,17,42,45,0,0,0,0,0,0,0
Rice | Kainat New | Faisalabad,0,0,0,0,0,0,0,1,18,17,29,52,53,52,52,52,52,22
Rice | Kainat New | Gujranwala,0,0,0,0,0,0,0,0,0,0,0,0,0,1,0,0,0,0
Rice | Kainat New | Jhang,0,0,0,0,0,0,0,0,21,0,0,0,0,0,47,52,52,22
Rice | Kainat New | Lahore,0,0,0,0,0,0,0,0,0,1,4,0,0,0,0,0,1,0
Rice | Kainat New | Layyah,0,0,0,0,0,0,0,0,0,0,0,0,0,0,0,0,10,21
Rice | Kainat New | Multan,0,0,0,0,0,0,0,0,0,0,0,0,0,0,0,0,50,21
Rice | Kainat New | Okara,0,0,0,0,0,0,0,0,5,0,5,0,5,0,0,7,24,22
Rice | Kainat New | RahimYarKhan,0,0,0,0,0,0,0,0,7,0,1,0,0,0,0,0,0,0
Rice | Kainat New | Rawalpindi,0,0,0,0,0,0,0,1,27,46,52,52,53,52,36,49,52,22
Rice | Kainat New | Sargodha,0,0,0,0,0,0,0,0,0,0,0,0,0,26,39,33,52,21
Rice | Kainat New | Sialkot,0,0,0,0,0,0,0,0,0,0,0,0,0,0,22,52,5,1
Seed Cotton (Phutti) | - | BahawalNagar,20,9,0,0,0,0,0,0,22,24,30,7,0,0,1,0,0,0
Seed Cotton (Phutti) | - | BahawalPur,33,28,31,33,33,34,31,16,19,9,0,0,21,32,33,33,37,8
Seed Cotton (Phutti) | - | Chichawatni,37,40,45,51,47,29,21,20,5,7,5,11,46,38,47,38,31,0
Seed Cotton (Phutti) | - | Jhang,27,33,36,39,13,0,0,0,0,0,0,0,0,0,25,2,0,0
Seed Cotton (Phutti) | - | Layyah,18,25,32,28,28,25,27,21,21,21,8,13,23,23,35,26,22,0
Seed Cotton (Phutti) | - | Multan,25,21,23,26,35,22,21,16,24,22,0,0,0,0,0,0,0,0
Seed Cotton (Phutti) | - | Okara,32,35,42,16,20,15,14,15,5,0,0,0,0,0,6,0,0,0
Seed Cotton (Phutti) | - | RahimYarKhan,40,45,39,45,38,35,32,34,28,23,28,33,32,34,42,38,37,3
Sugar | - | BahawalNagar,52,53,52,52,26,0,5,0,45,52,50,9,0,0,0,0,0,0
Sugar | - | BahawalPur,52,53,52,52,52,52,49,53,45,29,31,25,14,49,52,52,52,22
Sugar | - | Chichawatni,45,48,51,51,52,52,52,40,51,52,52,6,0,0,0,0,0,0
Sugar | - | Faisalabad,52,53,52,52,52,52,52,53,52,52,52,52,53,52,52,52,52,22
Sugar | - | Gujranwala,52,53,52,50,52,52,48,53,52,52,52,52,53,52,52,10,0,6
Sugar | - | Jhang,52,53,52,51,18,0,0,0,21,0,0,0,0,0,46,1,15,0
Sugar | - | Lahore,52,53,52,52,52,52,52,53,52,52,52,52,53,29,0,0,0,0
Sugar | - | Layyah,52,53,52,52,47,52,52,53,0,0,0,0,0,0,0,0,0,0
Sugar | - | Multan,52,53,52,52,52,52,52,53,52,52,52,52,53,52,52,52,52,22
Sugar | - | Okara,52,53,52,52,52,52,52,53,52,52,52,52,53,52,52,46,0,0
Sugar | - | RahimYarKhan,52,53,52,52,52,40,48,53,52,42,44,0,0,0,0,0,0,0
Sugar | - | Rawalpindi,52,53,52,52,52,52,52,53,52,52,52,52,53,52,52,52,52,22
Sugar | - | Sargodha,52,53,52,52,50,33,52,53,52,51,46,42,47,52,52,48,52,21
Sugar | - | Sialkot,40,53,46,49,38,41,52,53,52,52,52,52,53,52,52,52,47,11
Wheat | - | BahawalNagar,52,53,50,52,26,0,0,0,41,18,14,5,5,0,0,6,1,0
Wheat | - | BahawalPur,52,34,17,36,52,52,46,40,52,52,39,13,21,51,47,52,52,22
Wheat | - | Chichawatni,51,53,52,52,52,35,25,34,31,16,6,11,53,52,52,52,52,22
Wheat | - | Faisalabad,52,53,52,52,52,52,52,53,52,52,52,52,53,52,52,52,52,22
Wheat | - | Gujranwala,13,17,29,49,52,37,30,53,52,52,52,52,53,52,33,11,0,0
Wheat | - | Jhang,52,53,52,51,19,0,0,0,21,0,0,0,0,0,47,2,0,0
Wheat | - | Lahore,0,0,0,0,0,0,5,35,0,0,22,20,0,0,0,0,0,0
Wheat | - | Layyah,52,53,52,52,47,52,52,53,50,52,52,52,53,52,52,52,52,22
Wheat | - | Multan,35,53,52,52,52,52,52,53,52,52,52,52,53,52,6,35,45,6
Wheat | - | Okara,52,53,41,52,52,42,52,53,50,37,52,35,37,27,14,32,8,0
Wheat | - | RahimYarKhan,52,53,50,49,38,37,48,53,52,32,31,38,53,52,52,31,40,15
Wheat | - | Rawalpindi,52,49,29,48,42,40,0,20,8,6,33,29,0,0,0,0,12,22
Wheat | - | Sargodha,52,53,52,52,50,33,52,53,52,51,48,40,50,52,52,52,52,21
Wheat | - | Sialkot,40,45,26,45,25,6,18,0,26,34,20,0,0,0,47,52,52,7
