commodity,variety,city,unit,start,end,span_weeks,present_weeks,filled_weeks,winsorized_weeks,coverage_pct,price_min,price_max,price_mean,price_median
Maize,,BahawalPur,Rs/40Kg (Maund),2009-01-02,2023-11-24,778,486,104,10,62.5,525.2,2900.0,1167.24,960.0
Maize,,Chichawatni,Rs/40Kg (Maund),2009-01-09,2026-05-29,908,589,109,14,64.9,494.09,3231.9,1414.4,998.85
Maize,,Faisalabad,Rs/40Kg (Maund),2009-01-02,2026-05-29,909,908,1,10,99.9,533.61,4000.0,1460.33,1140.0
Maize,,Gujranwala,Rs/40Kg (Maund),2009-01-02,2024-09-13,820,794,20,17,96.8,633.33,3059.13,1367.04,1240.0
Maize,,Jhang,Rs/40Kg (Maund),2009-01-02,2024-01-26,787,262,37,2,33.3,500.0,3000.0,1132.5,932.0
Maize,,Lahore,Rs/40Kg (Maund),2009-01-02,2019-06-28,548,527,4,11,96.2,552.0,1510.0,937.34,920.0
Maize,,Layyah,Rs/40Kg (Maund),2012-01-13,2026-05-29,751,528,25,12,70.3,733.87,3302.74,1578.97,1281.67
Maize,,Multan,Rs/40Kg (Maund),2009-01-02,2026-05-29,909,906,3,20,99.7,557.89,3528.2,1507.72,1247.67
Maize,,Okara,Rs/40Kg (Maund),2009-01-02,2026-05-29,909,903,6,20,99.3,494.69,3314.96,1364.61,1020.08
Maize,,RahimYarKhan,Rs/40Kg (Maund),2009-03-06,2024-02-23,782,183,105,1,23.4,400.0,2330.0,987.93,868.27
Maize,,Rawalpindi,Rs/40Kg (Maund),2009-01-02,2026-05-29,909,872,8,9,95.9,574.95,3740.0,1524.77,1225.2
Maize,,Sargodha,Rs/40Kg (Maund),2009-01-02,2026-05-22,908,721,145,17,79.4,558.16,3550.0,1452.53,1100.2
Maize,,Sialkot,Rs/40Kg (Maund),2012-04-27,2025-12-26,714,415,68,7,58.1,780.0,3547.2,1591.71,1500.0
Paddy,Basmati,BahawalNagar,Rs/40Kg (Maund),2009-01-02,2019-03-22,534,61,34,2,11.4,887.3,2274.26,1523.83,1700.0
Paddy,Basmati,BahawalPur,Rs/40Kg (Maund),2009-01-02,2010-02-19,60,31,9,1,51.7,537.68,1300.0,984.24,975.2
Paddy,Basmati,Chichawatni,Rs/40Kg (Maund),2009-01-09,2021-03-12,636,102,128,3,16.0,882.47,2472.6,1642.62,1500.0
Paddy,Basmati,Faisalabad,Rs/40Kg (Maund),2012-04-27,2021-12-24,505,21,16,0,4.2,2250.0,3000.0,2585.24,2552.0
Paddy,Basmati,Gujranwala,Rs/40Kg (Maund),2009-10-09,2022-09-30,678,37,41,2,5.5,567.57,5535.0,1878.34,1455.0
Paddy,Basmati,Jhang,Rs/40Kg (Maund),2009-01-02,2024-03-01,792,268,36,8,33.8,690.15,7092.9,2017.77,1285.83
Paddy,Basmati,Lahore,Rs/40Kg (Maund),2011-07-01,2011-07-01,1,1,0,0,100.0,2300.0,2300.0,2300.0,2300.0
Paddy,Basmati,Layyah,Rs/40Kg (Maund),2009-01-23,2009-02-06,3,3,0,0,100.0,570.0,575.0,571.67,570.0
Paddy,Basmati,Multan,Rs/40Kg (Maund),2009-01-02,2020-01-03,575,186,46,6,32.3,787.05,2378.56,1624.38,1520.15
Paddy,Basmati,Okara,Rs/40Kg (Maund),2009-01-02,2023-02-24,739,361,58,10,48.8,930.67,5692.9,1827.72,1530.0
Paddy,Basmati,RahimYarKhan,Rs/40Kg (Maund),2009-01-09,2016-02-12,371,34,30,0,9.2,650.0,1620.0,981.63,950.2
Paddy,Basmati,Sargodha,Rs/40Kg (Maund),2009-01-02,2025-12-05,884,137,87,3,15.5,616.64,5150.0,1617.28,1213.47
Paddy,IRRI,BahawalNagar,Rs/40Kg (Maund),2009-08-21,2019-10-11,530,68,47,3,12.8,525.52,1850.0,1013.44,848.67
Paddy,IRRI,BahawalPur,Rs/40Kg (Maund),2009-01-02,2010-02-19,60,30,9,1,50.0,438.06,1075.2,821.35,850.0
Paddy,IRRI,Chichawatni,Rs/40Kg (Maund),2009-10-09,2021-10-15,628,34,79,2,5.4,525.2,1055.09,785.01,787.6
Paddy,IRRI,Faisalabad,Rs/40Kg (Maund),2019-07-26,2022-06-10,151,11,12,0,7.3,1340.0,2500.0,1637.54,1343.33
Paddy,IRRI,Jhang,Rs/40Kg (Maund),2009-01-02,2024-10-18,825,277,42,3,33.6,450.0,4840.0,1332.52,881.4
Paddy,IRRI,Layyah,Rs/40Kg (Maund),2012-03-30,2013-04-19,56,2,4,0,3.6,1900.0,2160.0,2116.67,2160.0
Paddy,IRRI,Multan,Rs/40Kg (Maund),2009-01-02,2019-11-22,569,149,42,3,26.2,469.5,1225.2,814.04,825.13
Paddy,IRRI,Okara,Rs/40Kg (Maund),2009-01-02,2023-09-15,768,253,47,5,32.9,490.06,2500.0,849.6,790.0
Paddy,IRRI,RahimYarKhan,Rs/40Kg (Maund),2009-02-06,2016-02-12,367,19,44,0,5.2,420.0,1700.0,890.9,675.2
Paddy,IRRI,Sargodha,Rs/40Kg (Maund),2009-01-02,2025-12-26,887,90,16,3,10.1,435.97,4860.0,1125.68,689.67
Paddy,IRRI,Sialkot,Rs/40Kg (Maund),2022-07-22,2022-07-22,1,1,0,0,100.0,2360.0,2360.0,2360.0,2360.0
Paddy,Kainat,BahawalNagar,Rs/40Kg (Maund),2017-02-17,2021-11-26,250,46,30,2,18.4,1685.45,2825.88,2154.97,2190.0
Paddy,Kainat,Chichawatni,Rs/40Kg (Maund),2017-01-13,2026-05-22,489,255,37,3,52.1,1620.0,5783.3,3887.99,3921.52
Paddy,Kainat,Faisalabad,Rs/40Kg (Maund),2021-09-03,2021-12-10,15,15,0,0,100.0,2151.6,2400.0,2277.8,2272.0
Paddy,Kainat,Gujranwala,Rs/40Kg (Maund),2022-11-04,2022-11-04,1,1,0,0,100.0,3430.0,3430.0,3430.0,3430.0
Paddy,Kainat,Jhang,Rs/40Kg (Maund),2017-02-17,2024-06-07,382,68,23,1,17.8,1841.0,8840.0,5413.66,6080.0
Paddy,Kainat,Okara,Rs/40Kg (Maund),2018-01-05,2018-01-05,1,1,0,0,100.0,1735.2,1735.2,1735.2,1735.2
Paddy,Kainat,Sargodha,Rs/40Kg (Maund),2018-10-26,2025-12-26,375,49,56,2,13.1,1810.29,6050.0,3312.24,2700.0
Rice,Basmati 385,BahawalNagar,Rs/40Kg (Maund),2009-01-02,2026-02-20,895,194,44,5,21.7,1310.99,5460.0,2282.99,2090.0
Rice,Basmati 385,BahawalPur,Rs/40Kg (Maund),2016-02-05,2017-02-24,56,8,16,1,14.3,2600.0,3385.0,2832.71,2800.0
Rice,Basmati 385,Chichawatni,Rs/40Kg (Maund),2009-10-09,2020-05-01,552,325,43,0,58.9,1650.0,3400.0,2610.07,2694.0
Rice,Basmati 385,Faisalabad,Rs/40Kg (Maund),2009-01-02,2026-05-29,909,898,9,13,98.8,1350.0,5750.0,2883.89,2430.0
Rice,Basmati 385,Gujranwala,Rs/40Kg (Maund),2009-06-26,2015-11-13,334,6,10,0,1.8,1060.0,1500.0,1331.25,1380.0
Rice,Basmati 385,Jhang,Rs/40Kg (Maund),2009-01-02,2024-04-05,797,252,41,6,31.6,1806.99,9709.84,3296.43,2400.0
Rice,Basmati 385,Lahore,Rs/40Kg (Maund),2011-07-01,2020-11-20,491,3,8,0,0.6,3000.0,5400.0,3809.09,4300.0
Rice,Basmati 385,Layyah,Rs/40Kg (Maund),2009-01-02,2017-06-16,442,315,42,1,71.3,1400.0,3300.0,2475.16,2600.0
Rice,Basmati 385,Multan,Rs/40Kg (Maund),2009-01-02,2026-05-29,909,890,10,18,97.9,1170.15,8180.1,3259.09,2525.2
Rice,Basmati 385,Okara,Rs/40Kg (Maund),2009-01-02,2019-04-05,536,424,16,5,79.1,1431.7,2900.0,2242.3,2165.0
Rice,Basmati 385,RahimYarKhan,Rs/40Kg (Maund),2009-01-02,2017-11-24,465,347,50,0,74.6,1280.0,3000.0,2233.52,2313.33
Rice,Basmati 385,Rawalpindi,Rs/40Kg (Maund),2009-01-02,2010-10-08,93,14,4,0,15.1,2300.0,2300.0,2300.0,2300.0
Rice,Basmati 385,Sargodha,Rs/40Kg (Maund),2009-01-02,2026-05-22,908,97,98,0,10.7,1212.4,8750.0,4523.4,5500.0
Rice,Basmati 385,Sialkot,Rs/40Kg (Maund),2009-10-23,2022-07-15,665,6,18,1,0.9,1320.0,4821.2,1814.22,1680.0
Rice,Basmati Super New,BahawalNagar,Rs/40Kg (Maund),2009-01-02,2024-04-05,797,255,74,7,32.0,2204.82,11180.0,3409.29,2842.0
Rice,Basmati Super New,BahawalPur,Rs/40Kg (Maund),2009-02-27,2026-04-10,894,468,143,11,52.3,1900.0,12390.0,4554.68,3740.0
Rice,Basmati Super New,Chichawatni,Rs/40Kg (Maund),2009-01-09,2020-05-01,591,508,63,6,86.0,1378.36,5800.0,3729.68,3800.0
Rice,Basmati Super New,Faisalabad,Rs/40Kg (Maund),2009-01-02,2026-05-29,909,897,9,17,98.7,2050.0,12315.83,5105.24,4303.33
Rice,Basmati Super New,Gujranwala,Rs/40Kg (Maund),2009-01-02,2026-03-27,900,716,36,8,79.6,2022.55,12100.0,4112.56,3900.0
Rice,Basmati Super New,Jhang,Rs/40Kg (Maund),2009-06-12,2025-09-26,851,291,35,7,34.2,2350.0,11751.09,5819.01,4040.0
Rice,Basmati Super New,Lahore,Rs/40Kg (Maund),2009-01-02,2026-05-29,909,907,2,12,99.8,2100.0,13000.0,5537.31,4470.0
Rice,Basmati Super New,Layyah,Rs/40Kg (Maund),2009-01-02,2026-01-23,891,426,61,10,47.8,2171.47,9972.8,3323.9,3000.0
Rice,Basmati Super New,Multan,Rs/40Kg (Maund),2009-01-02,2026-05-29,909,906,3,20,99.7,2080.09,12916.0,5300.82,4000.0
Rice,Basmati Super New,Okara,Rs/40Kg (Maund),2009-01-02,2026-04-03,901,761,47,17,84.5,2464.0,12218.6,5270.73,4290.0
Rice,Basmati Super New,RahimYarKhan,Rs/40Kg (Maund),2009-01-02,2025-12-12,885,443,106,7,50.1,1620.0,11409.09,4531.4,3390.0
Rice,Basmati Super New,Rawalpindi,Rs/40Kg (Maund),2009-01-02,2026-05-29,909,767,33,8,84.4,2259.96,12500.0,5142.1,4240.0
Rice,Basmati Super New,Sargodha,Rs/40Kg (Maund),2009-01-02,2026-05-22,908,731,126,15,80.5,1958.51,11750.0,5055.22,3950.0
Rice,Basmati Super New,Sialkot,Rs/40Kg (Maund),2009-01-16,2026-05-29,907,722,121,13,79.6,2192.6,12300.0,5172.04,3960.0
Rice,Basmati Super Old,BahawalNagar,Rs/40Kg (Maund),2009-01-02,2020-02-28,583,257,80,8,44.1,1770.83,6309.04,3682.72,3633.33
Rice,Basmati Super Old,BahawalPur,Rs/40Kg (Maund),2009-01-02,2026-05-29,909,618,121,7,68.0,1900.0,14200.0,6208.0,4400.0
Rice,Basmati Super Old,Chichawatni,Rs/40Kg (Maund),2009-03-06,2020-05-01,583,505,60,6,86.6,2563.36,6200.0,4268.56,4400.0
Rice,Basmati Super Old,Faisalabad,Rs/40Kg (Maund),2009-01-02,2026-05-29,909,827,12,18,91.0,2123.8,13126.64,5706.52,4860.0
Rice,Basmati Super Old,Gujranwala,Rs/40Kg (Maund),2009-01-02,2023-05-26,752,532,45,5,70.7,2300.0,13500.0,4644.14,4525.0
Rice,Basmati Super Old,Jhang,Rs/40Kg (Maund),2009-01-02,2025-09-26,874,191,20,3,21.9,2115.0,12200.0,7434.71,9423.33
Rice,Basmati Super Old,Lahore,Rs/40Kg (Maund),2009-06-12,2026-05-29,886,884,2,9,99.8,2681.33,13600.0,6406.84,5100.0
Rice,Basmati Super Old,Layyah,Rs/40Kg (Maund),2009-01-02,2026-01-23,891,343,34,0,38.5,2320.0,10700.0,3418.38,3080.0
Rice,Basmati Super Old,Multan,Rs/40Kg (Maund),2009-01-02,2025-05-23,856,763,37,13,89.1,2064.95,12350.0,4855.25,4272.5
Rice,Basmati Super Old,Okara,Rs/40Kg (Maund),2009-06-12,2025-11-07,857,799,18,16,93.2,2500.0,13894.67,5931.84,5006.67
Rice,Basmati Super Old,RahimYarKhan,Rs/40Kg (Maund),2009-04-17,2025-11-07,865,439,73,8,50.8,2555.53,11600.0,4240.61,3899.5
Rice,Basmati Super Old,Rawalpindi,Rs/40Kg (Maund),2009-06-19,2026-05-29,885,762,13,7,86.1,2840.0,14900.0,6734.66,5400.0
Rice,Basmati Super Old,Sargodha,Rs/40Kg (Maund),2009-06-12,2026-05-22,885,333,157,5,37.6,2139.0,11700.0,4919.1,4450.0
Rice,Basmati Super Old,Sialkot,Rs/40Kg (Maund),2009-06-19,2026-03-13,874,668,97,13,76.4,2462.72,13560.0,5508.17,4700.0
Rice,IRRI,BahawalNagar,Rs/40Kg (Maund),2009-01-02,2026-02-20,895,287,83,6,32.1,1083.9,5740.0,1609.45,1482.0
Rice,IRRI,BahawalPur,Rs/40Kg (Maund),2009-01-02,2026-05-29,909,744,77,7,81.8,960.0,6600.0,2320.41,1472.0
Rice,IRRI,Chichawatni,Rs/40Kg (Maund),2009-01-09,2019-05-03,539,447,29,3,82.9,1000.0,2200.0,1364.66,1300.0
Rice,IRRI,Faisalabad,Rs/40Kg (Maund),2009-01-02,2026-05-29,909,896,13,12,98.6,940.64,5700.0,2294.94,1536.3
Rice,IRRI,Jhang,Rs/40Kg (Maund),2009-01-02,2026-05-29,909,372,34,9,40.9,1050.0,5732.35,2627.09,1600.0
Rice,IRRI,Layyah,Rs/40Kg (Maund),2009-01-02,2026-05-29,909,426,28,5,46.9,1100.0,3740.0,1614.03,1460.0
Rice,IRRI,Multan,Rs/40Kg (Maund),2009-01-02,2026-05-29,909,906,3,20,99.7,950.18,5888.0,2174.72,1510.0
Rice,IRRI,Okara,Rs/40Kg (Maund),2009-01-02,2024-03-15,794,788,6,15,99.2,1070.0,7860.47,1907.91,1500.0
Rice,IRRI,RahimYarKhan,Rs/40Kg (Maund),2009-01-02,2025-02-28,844,517,72,10,61.3,968.0,5560.0,1626.4,1440.0
Rice,IRRI,Rawalpindi,Rs/40Kg (Maund),2009-01-02,2026-05-29,909,909,0,10,100.0,1056.32,6200.0,2493.51,1740.0
Rice,IRRI,Sargodha,Rs/40Kg (Maund),2009-01-02,2012-07-20,186,86,22,2,46.2,865.83,1737.6,1219.16,1111.8
Rice,Kainat New,BahawalNagar,Rs/40Kg (Maund),2017-02-24,2026-02-20,470,11,26,1,2.3,3526.67,9438.56,4559.74,4430.0
Rice,Kainat New,BahawalPur,Rs/40Kg (Maund),2022-12-09,2026-03-06,170,28,27,2,16.5,4783.2,12244.6,9479.78,9520.0
Rice,Kainat New,Chichawatni,Rs/40Kg (Maund),2017-01-13,2019-11-08,148,90,14,2,60.8,3800.3,5500.0,4900.06,4960.0
Rice,Kainat New,Faisalabad,Rs/40Kg (Maund),2016-12-30,2026-05-29,492,388,12,4,78.9,3060.0,12063.2,7964.29,9250.0
Rice,Kainat New,Gujranwala,Rs/40Kg (Maund),2022-11-18,2022-11-18,1,1,0,0,100.0,8000.0,8000.0,8000.0,8000.0
Rice,Kainat New,Jhang,Rs/40Kg (Maund),2017-02-17,2026-05-29,485,185,9,2,38.1,3900.0,12168.37,9759.84,10440.0
Rice,Kainat New,Lahore,Rs/40Kg (Maund),2018-12-28,2025-12-12,364,2,4,0,0.5,5000.0,12800.0,6300.0,5000.0
Rice,Kainat New,Layyah,Rs/40Kg (Maund),2025-10-24,2026-05-29,32,27,4,0,84.4,11500.0,12500.0,12058.71,12242.86
Rice,Kainat New,Multan,Rs/40Kg (Maund),2025-01-17,2026-05-22,71,68,3,2,95.8,10163.57,13150.0,11858.46,11941.67
Rice,Kainat New,Okara,Rs/40Kg (Maund),2017-05-12,2026-05-29,473,45,23,1,9.5,4500.0,12173.26,10108.03,11900.0
Rice,Kainat New,RahimYarKhan,Rs/40Kg (Maund),2017-06-02,2019-05-10,102,3,5,0,2.9,4320.0,4900.0,4827.5,4900.0
Rice,Kainat New,Rawalpindi,Rs/40Kg (Maund),2016-12-30,2026-05-29,492,420,22,0,85.4,4500.0,13800.0,8775.17,6500.0
Rice,Kainat New,Sargodha,Rs/40Kg (Maund),2022-05-20,2026-05-22,210,113,58,1,53.8,6350.0,12100.0,10031.62,10100.0
Rice,Kainat New,Sialkot,Rs/40Kg (Maund),2023-08-04,2026-03-20,138,76,4,1,55.1,11264.8,13400.0,12403.18,12400.0
Seed Cotton (Phutti),,BahawalNagar,Rs/40Kg (Maund),2009-01-02,2023-07-14,759,74,39,3,9.7,1544.56,4164.0,3158.05,3403.47
Seed Cotton (Phutti),,BahawalPur,Rs/40Kg (Maund),2009-01-02,2026-02-20,895,320,111,8,35.8,1325.2,10660.0,4748.72,3312.72
Seed Cotton (Phutti),,Chichawatni,Rs/40Kg (Maund),2009-01-09,2025-12-19,885,402,116,12,45.4,1350.2,9338.87,4316.83,3066.05
Seed Cotton (Phutti),,Jhang,Rs/40Kg (Maund),2009-01-02,2024-01-12,785,127,48,2,16.2,1287.0,8260.0,3272.44,2400.0
Seed Cotton (Phutti),,Layyah,Rs/40Kg (Maund),2009-01-02,2025-12-05,884,318,78,4,36.0,1500.0,9800.0,4320.53,3266.5
Seed Cotton (Phutti),,Multan,Rs/40Kg (Maund),2009-01-02,2018-12-28,522,192,43,0,36.8,1400.0,4675.0,2747.11,2616.67
Seed Cotton (Phutti),,Okara,Rs/40Kg (Maund),2009-01-02,2023-09-08,767,163,37,4,21.3,1079.82,7936.65,2713.61,2540.0
Seed Cotton (Phutti),,RahimYarKhan,Rs/40Kg (Maund),2009-01-02,2026-01-16,890,485,121,13,54.5,1432.6,9472.2,4372.81,3325.2
Sugar,,BahawalNagar,Rs/Kg,2009-01-02,2020-02-28,583,335,61,6,57.5,35.73,79.94,56.28,53.5
Sugar,,BahawalPur,Rs/Kg,2009-01-02,2026-05-29,909,660,126,14,72.6,38.9,175.32,77.28,61.62
Sugar,,Chichawatni,Rs/Kg,2009-01-09,2020-02-07,579,450,102,8,77.7,39.1,79.0,56.55,54.06
Sugar,,Faisalabad,Rs/Kg,2009-01-02,2026-05-29,909,896,13,12,98.6,39.0,175.5,77.7,63.25
Sugar,,Gujranwala,Rs/Kg,2009-01-02,2026-03-27,900,764,29,15,84.9,39.5,142.89,68.34,61.24
Sugar,,Jhang,Rs/Kg,2009-01-02,2025-04-25,852,264,45,8,31.0,37.82,154.6,68.17,58.21
Sugar,,Lahore,Rs/Kg,2009-01-02,2022-07-22,708,705,3,6,99.6,39.0,105.0,62.66,58.0
Sugar,,Layyah,Rs/Kg,2009-01-02,2016-12-30,418,393,20,7,94.0,36.47,81.0,55.63,53.33
Sugar,,Multan,Rs/Kg,2009-01-02,2026-05-29,909,906,3,17,99.7,39.25,173.94,76.79,63.02
Sugar,,Okara,Rs/Kg,2009-01-02,2024-11-15,829,818,11,17,98.7,39.11,142.5,69.88,60.93
Sugar,,RahimYarKhan,Rs/Kg,2009-01-02,2019-12-06,571,474,66,11,83.0,38.88,78.25,55.39,53.0
Sugar,,Rawalpindi,Rs/Kg,2009-01-02,2026-05-29,909,906,3,18,99.7,39.8,174.56,78.49,64.31
Sugar,,Sargodha,Rs/Kg,2009-01-02,2026-05-22,908,693,167,14,76.3,39.0,174.81,78.04,63.21
Sugar,,Sialkot,Rs/Kg,2009-01-09,2026-03-13,897,730,117,17,81.4,39.0,178.54,78.33,64.6
Wheat,,BahawalNagar,Rs/40Kg (Maund),2009-01-02,2025-11-07,880,243,80,6,27.6,832.45,3334.8,1109.54,985.92
Wheat,,BahawalPur,Rs/40Kg (Maund),2009-01-02,2026-05-29,909,607,123,14,66.8,855.75,4775.2,1865.42,1280.0
Wheat,,Chichawatni,Rs/40Kg (Maund),2009-01-09,2026-05-29,908,593,108,14,65.3,854.64,4692.0,1907.64,1330.0
Wheat,,Faisalabad,Rs/40Kg (Maund),2009-01-02,2026-05-29,909,908,1,15,99.9,883.33,4775.2,1870.14,1335.2
Wheat,,Gujranwala,Rs/40Kg (Maund),2009-04-17,2024-06-28,794,592,45,7,74.6,909.88,4540.0,1672.54,1350.0
Wheat,,Jhang,Rs/40Kg (Maund),2009-01-02,2024-01-12,785,261,36,6,33.2,838.41,4913.6,1568.83,1012.0
Wheat,,Lahore,Rs/40Kg (Maund),2015-11-27,2020-05-15,234,78,4,0,33.3,1220.0,1920.0,1512.11,1460.0
Wheat,,Layyah,Rs/40Kg (Maund),2009-01-02,2026-05-29,909,874,28,20,96.1,850.01,4687.99,1797.65,1290.0
Wheat,,Multan,Rs/40Kg (Maund),2009-05-01,2026-05-29,892,793,13,17,88.9,902.12,3475.2,1578.99,1320.7
Wheat,,Okara,Rs/40Kg (Maund),2009-01-02,2025-10-10,876,641,48,12,73.2,846.39,3950.0,1427.07,1270.0
Wheat,,RahimYarKhan,Rs/40Kg (Maund),2009-01-02,2026-05-29,909,655,121,16,72.1,849.86,4696.55,1797.11,1301.6
Wheat,,Rawalpindi,Rs/40Kg (Maund),2009-01-02,2026-05-29,909,331,59,4,36.4,919.03,5240.0,1497.36,1230.0
Wheat,,Sargodha,Rs/40Kg (Maund),2009-01-02,2026-05-22,908,745,122,17,82.0,869.39,4850.0,1823.88,1304.2
Wheat,,Sialkot,Rs/40Kg (Maund),2009-01-09,2026-02-13,893,346,97,2,38.7,867.6,4750.0,1856.97,1210.0
